feature,cluster,stability,Vg_rho,Vg_p,module,module_size,module_mean_Vg_rho,module_stability
HR46,2,0.5424579124579125,0.14628495133650035,0.588785240013447,M1,34,0.10315521104354096,0.46675777381659733
Mkp3,2,0.5371717171717172,0.18529411764705883,0.4920570502059438,M1,34,0.10315521104354096,0.46675777381659733
tdc1,2,0.5367340067340067,0.10518807104290787,0.6982378382799832,M1,34,0.10315521104354096,0.46675777381659733
MRJP-3,2,0.5339730639730641,0.3529411764705882,0.1799586578849818,M1,34,0.10315521104354096,0.46675777381659733
PKG,2,0.5261952861952862,0.07352941176470588,0.7866792491258565,M1,34,0.10315521104354096,0.46675777381659733
Def2,2,0.5208754208754209,0.29411764705882354,0.268846554622893,M1,34,0.10315521104354096,0.46675777381659733
cad,2,0.5143434343434343,0.4058823529411764,0.11879168453237476,M1,34,0.10315521104354096,0.46675777381659733
PTEN,2,0.5126262626262627,0.11470588235294117,0.672291046599723,M1,34,0.10315521104354096,0.46675777381659733
erk7,2,0.5017845117845119,0.4705882352941176,0.06581947250108118,M1,34,0.10315521104354096,0.46675777381659733
InR2,2,0.498013468013468,0.12941176470588234,0.63288233246826,M1,34,0.10315521104354096,0.46675777381659733
LOC726899 GB52437,2,0.49181818181818193,-0.30882352941176466,0.24449869579851796,M1,34,0.10315521104354096,0.46675777381659733
Malvolio,2,0.489023569023569,-0.2441176470588235,0.3622134961419501,M1,34,0.10315521104354096,0.46675777381659733
AGO2,2,0.48589225589225593,-0.3382352941176471,0.20006555877868956,M1,34,0.10315521104354096,0.46675777381659733
Transferrin1,2,0.48505050505050507,0.2411764705882353,0.36820660804263405,M1,34,0.10315521104354096,0.46675777381659733
PDK1,2,0.48367003367003364,-0.044117647058823525,0.8711220048065985,M1,34,0.10315521104354096,0.46675777381659733
PRM1,2,0.48168350168350166,-0.28529411764705886,0.28413874015956303,M1,34,0.10315521104354096,0.46675777381659733
Hymenoptaecin,2,0.48131313131313125,-0.4794117647058824,0.06023930250431595,M1,34,0.10315521104354096,0.46675777381659733
Def,2,0.4783838383838384,-0.3058823529411765,0.24925429892891857,M1,34,0.10315521104354096,0.46675777381659733
LOC406144,2,0.47835016835016836,-0.4558823529411765,0.07594549116741177,M1,34,0.10315521104354096,0.46675777381659733
DopR2,2,0.47562289562289567,-0.0265487880754859,0.9222522055991307,M1,34,0.10315521104354096,0.46675777381659733
IRS,2,0.4608754208754209,0.05294117647058824,0.8456104411493658,M1,34,0.10315521104354096,0.46675777381659733
Kr-h1,2,0.4592255892255892,-0.36470588235294116,0.16486839724475402,M1,34,0.10315521104354096,0.46675777381659733
Chd64,2,0.45818181818181813,0.16764705882352943,0.5348568245819433,M1,34,0.10315521104354096,0.46675777381659733
JHEH,2,0.4508080808080808,0.5264705882352941,0.036166514972245475,M1,34,0.10315521104354096,0.46675777381659733
PIK3,2,0.4423905723905724,-0.0029411764705882353,0.9913748045563624,M1,34,0.10315521104354096,0.46675777381659733
JHBP-1,2,0.4303367003367003,0.1764705882352941,0.5132505967364668,M1,34,0.10315521104354096,0.46675777381659733
MRJP1,2,0.4301010101010101,0.16176470588235295,0.5494831434036929,M1,34,0.10315521104354096,0.46675777381659733
ilp1,2,0.4202693602693603,0.45,0.0802957365433964,M1,34,0.10315521104354096,0.46675777381659733
Vas,2,0.4132659932659933,0.26176470588235295,0.3274104118125859,M1,34,0.10315521104354096,0.46675777381659733
vgR,2,0.4038720538720539,0.21470588235294116,0.4245592336201026,M1,34,0.10315521104354096,0.46675777381659733
Ago3,2,0.4028619528619528,0.3029411764705882,0.25406688060961147,M1,34,0.10315521104354096,0.46675777381659733
Eth,2,0.378989898989899,0.17352941176470588,0.5204075144487408,M1,34,0.10315521104354096,0.46675777381659733
LOC413670,2,0.3607070707070707,0.3558823529411765,0.1761037380915931,M1,34,0.10315521104354096,0.46675777381659733
Vg protein normalized,2,0.3028956228956229,1.0,0.0,M1,34,0.10315521104354096,0.46675777381659733
FOXO,0,0.7833040935672514,0.13529411764705881,0.6173674089706418,M2,39,0.20444947209653092,0.6978947368421052
svp,0,0.7791812865497076,0.15882352941176472,0.5568612810855389,M2,39,0.20444947209653092,0.6978947368421052
LOC412541,0,0.7778654970760234,0.044117647058823525,0.8711220048065985,M2,39,0.20444947209653092,0.6978947368421052
EcR,0,0.7748245614035089,0.0823529411764706,0.761733078752474,M2,39,0.20444947209653092,0.6978947368421052
egfr,0,0.7736842105263158,0.18529411764705883,0.4920570502059438,M2,39,0.20444947209653092,0.6978947368421052
Ftz-f1,0,0.7709356725146197,0.2441176470588235,0.3622134961419501,M2,39,0.20444947209653092,0.6978947368421052
4ebp1,0,0.7685964912280701,0.22352941176470587,0.40529834728275893,M2,39,0.20444947209653092,0.6978947368421052
AGO1,0,0.7657017543859649,0.2058823529411765,0.4442846410521438,M2,39,0.20444947209653092,0.6978947368421052
dnmt3,0,0.7653216374269006,0.10294117647058824,0.7044103818167706,M2,39,0.20444947209653092,0.6978947368421052
mdy,0,0.7637426900584794,0.23823529411764705,0.37425412972798844,M2,39,0.20444947209653092,0.6978947368421052
ten-M,0,0.7619298245614035,-0.032352941176470584,0.9053195187918449,M2,39,0.20444947209653092,0.6978947368421052
Rheb,0,0.7594736842105262,0.09705882352941177,0.7206513082372035,M2,39,0.20444947209653092,0.6978947368421052
USP,0,0.7564035087719299,-0.10294117647058824,0.7044103818167706,M2,39,0.20444947209653092,0.6978947368421052
LOC724829,0,0.7553508771929827,0.3147058823529411,0.23515831926634445,M2,39,0.20444947209653092,0.6978947368421052
proPO,0,0.7536842105263157,-0.047058823529411764,0.8626036946668731,M2,39,0.20444947209653092,0.6978947368421052
OA1,0,0.7435380116959065,0.18235294117647058,0.49907485724580003,M2,39,0.20444947209653092,0.6978947368421052
SmG,0,0.7351754385964911,-0.09705882352941177,0.7206513082372035,M2,39,0.20444947209653092,0.6978947368421052
LOC410022,0,0.7324269005847953,0.19117647058823528,0.47816401281702825,M2,39,0.20444947209653092,0.6978947368421052
dnmt2,0,0.7317251461988303,0.21176470588235297,0.431083247239221,M2,39,0.20444947209653092,0.6978947368421052
MRJP-9,0,0.7233333333333333,-0.08823529411764705,0.7452220943671327,M2,39,0.20444947209653092,0.6978947368421052
HR38,0,0.7201169590643276,0.3294117647058824,0.21280142621621312,M2,39,0.20444947209653092,0.6978947368421052
Mob3,0,0.7049707602339181,0.08823529411764705,0.7452220943671327,M2,39,0.20444947209653092,0.6978947368421052
AKHR,0,0.7033625730994153,-0.25588235294117645,0.33878990807124576,M2,39,0.20444947209653092,0.6978947368421052
Dcr1,0,0.7008479532163744,0.2764705882352941,0.2999421284923735,M2,39,0.20444947209653092,0.6978947368421052
if,0,0.6950584795321638,-0.12941176470588234,0.63288233246826,M2,39,0.20444947209653092,0.6978947368421052
E74,0,0.6938011695906432,0.2823529411764706,0.2893498290632739,M2,39,0.20444947209653092,0.6978947368421052
Mtp,0,0.6927777777777779,0.40294117647058825,0.12174576295254316,M2,39,0.20444947209653092,0.6978947368421052
TOR,0,0.688421052631579,0.2088235294117647,0.43765851094980035,M2,39,0.20444947209653092,0.6978947368421052
Dop1,0,0.6571637426900585,0.3529411764705882,0.1799586578849818,M2,39,0.20444947209653092,0.6978947368421052
AKT1,0,0.6472222222222221,0.2441176470588235,0.3622134961419501,M2,39,0.20444947209653092,0.6978947368421052
LOC726781,0,0.6416374269005847,0.3588235294117647,0.17230386289263244,M2,39,0.20444947209653092,0.6978947368421052
Aub,0,0.6399122807017543,0.10588235294117648,0.6963341050381157,M2,39,0.20444947209653092,0.6978947368421052
ILP-2,0,0.567485380116959,0.5529411764705882,0.026314499870666544,M2,39,0.20444947209653092,0.6978947368421052
Hex70a,0,0.5661988304093568,0.4264705882352941,0.09949911193753966,M2,39,0.20444947209653092,0.6978947368421052
JHE,0,0.5624561403508771,0.538235294117647,0.031493228205838365,M2,39,0.20444947209653092,0.6978947368421052
vg,0,0.5624561403508771,0.4852941176470588,0.05671771428191196,M2,39,0.20444947209653092,0.6978947368421052
P110,0,0.5602631578947367,0.5411764705882353,0.03040021888817021,M2,39,0.20444947209653092,0.6978947368421052
Hex110,0,0.5543859649122806,0.6882352941176471,0.0032039086143957423,M2,39,0.20444947209653092,0.6978947368421052
LOC409966,0,0.48315789473684206,0.22647058823529412,0.3989829266412891,M2,39,0.20444947209653092,0.6978947368421052
Ethr,1,0.6597385620915032,-0.11470588235294117,0.672291046599723,M3,18,-0.02303921568627451,0.566325344952796
Hbg3,1,0.6491503267973856,-0.12058823529411765,0.6564245147485952,M3,18,-0.02303921568627451,0.566325344952796
LOC102655054,1,0.6385620915032679,-0.24705882352941175,0.35627504151257705,M3,18,-0.02303921568627451,0.566325344952796
AKH,1,0.6358169934640523,0.0029411764705882353,0.9913748045563624,M3,18,-0.02303921568627451,0.566325344952796
LOC726648,1,0.6101307189542483,0.008823529411764706,0.9741279946623942,M3,18,-0.02303921568627451,0.566325344952796
TYR1,1,0.606732026143791,-0.10588235294117648,0.6963341050381157,M3,18,-0.02303921568627451,0.566325344952796
tdc2,1,0.6008496732026144,-0.01764705882352941,0.9482801500547112,M3,18,-0.02303921568627451,0.566325344952796
MRJP-5,1,0.5990196078431372,-0.14705882352941177,0.5867933937012053,M3,18,-0.02303921568627451,0.566325344952796
E75,1,0.5813725490196079,0.2588235294117647,0.3330723066336081,M3,18,-0.02303921568627451,0.566325344952796
Br-c,1,0.5806535947712418,-0.23823529411764705,0.37425412972798844,M3,18,-0.02303921568627451,0.566325344952796
LOC413141,1,0.5762745098039215,0.07352941176470588,0.7866792491258565,M3,18,-0.02303921568627451,0.566325344952796
dnmt1a,1,0.5454901960784314,0.2323529411764706,0.38651134990798475,M3,18,-0.02303921568627451,0.566325344952796
Creb,1,0.5440522875816994,0.12941176470588234,0.63288233246826,M3,18,-0.02303921568627451,0.566325344952796
LOC100577942,1,0.5209150326797386,-0.11176470588235293,0.6802736949858406,M3,18,-0.02303921568627451,0.566325344952796
InR1,1,0.4966013071895425,-0.02647058823529412,0.9224805705017287,M3,18,-0.02303921568627451,0.566325344952796
Dop3,1,0.46633986928104576,-0.09411764705882353,0.7288144270239805,M3,18,-0.02303921568627451,0.566325344952796
Tbh,1,0.44823529411764707,0.044117647058823525,0.8711220048065985,M3,18,-0.02303921568627451,0.566325344952796
NAA35,1,0.433921568627451,0.0588235294117647,0.8286807500332258,M3,18,-0.02303921568627451,0.566325344952796
